eng_word,rus_word,status
a,неопределенный артикль,
ability,способность: возможность,
able,знающий: умелый: способный,
about,кругом: повсюду: приблизительно:о: насчет: на тему: касательно,
above,наверху: вверху: выше: над,
abroad,за границей: за границу,
absolutely,совершенно: безусловно,
accept,принимать: соглашаться: признавать,
acceptable,приемлемый; допустимый,
accident,несчастный случай: авария,
accidental,случайный,f
accidentally,случайно: нечаянно,
accommodation,помещение: жилье,
according to,в соответствии с: согласно,
account,счет: расчет: подсчет,
achieve,добиваться: достигать,
achievement,достижение: успех,
across,поперек: сквозь: через,learning
act,действовать: поступать,
action,действие: поступок,
active,активный: деятельный,done
activity,деятельность,
actual,фактический: реальный,
actually,фактически: на самом деле,
add,прибавлять: присоединять,
address,адрес: обращение: речь: адресовать: направлять,
adjective,имя прилагательное,
admire,любоваться: восхищаться,
admit,допускать: соглашаться,
advanced,передовой: продвинутый,
advantage,преимущество,
advice,совет,
advise,советовать: советоваться,
affect,(воз)действовать: влиять,
afford,быть в состоянии: предоставлять,
afraid,испуганный,
after,за: позади: после: потом,
afternoon,время после полудня,done
afterwards,впоследствии: позднее,learning
again,еще: вновь: опять,done
against,прямо напротив: лицом к,
age,возраст: тому назад,
agree,соглашаться,
agreement,согласие: соглашение,
ahead,вперед; впереди,
aim,намерение: цель:домогаться: стремиться,
air,воздух: атмосфера,
alive,живой,
all,весь: вся: все: целый,
allow,позволять: разрешать,
almost,почти; едва не,
alone,единственный: одинокий: одиноко,
along,вдоль: по: в том же направлении,
already,уже,
also,тоже: также: к тому же,
although,хотя: несмотря на то: что,
always,всегда: неизменно,
among,между: посреди: среди,
amount,величина: количество,
and,и: а: но,
angry,рассерженный: сердитый:,
announce,объявлять: извещать,
another,другой: еще один (такой же),
answer,ответ: отвечать: откликаться,
anxious,озабоченный: беспокойный,
any,всякий: какой-нибудь: любой: никакой:нисколько: сколько-нибудь: ничуть,
anybody,кто-нибудь: никто: любой,
anyone,кто-нибудь: никто: любой,
anything,что-нибудь: ничто: ничего,
anyway = anyhow,так или иначе: как-нибудь: все равно,
anywhere,где-нибудь: куда-нибудь: никуда: везде,
apart,в стороне: отдельно: отлично от,
apologize = apologise,извиняться: просить прощения,
apparently,очевидно: по-видимому,
appeal,призыв: обращение: привлекательность:обращаться: взывать (to - к),
appear,показываться: появляться,
appearance,внешность: появление,
apply,обращаться(с просьбой): применять(ся),
approval,одобрение: утверждение,learning
approve,одобрять (что-л.- of): утверждать,
area,площадь: участок: пространство,
argue,спорить,
argument,довод: аргумент,
arm,рука (от кисти до плеча),
around,всюду: кругом: повсюду: вокруг,
arrange,приводить в порядок: расставлять,
arrangement,размещение: расположение,
arrival,прибытие (at: in; from),
arrive,прибывать,
art,искусство,
artificial,искусственный: ненатуральный,
as,в качестве: как: как например: т.к.,
ashamed,пристыженный,
ask,спрашивать: просить,
at,в: на: за: при: у: около,
attach,прикреплять: прилагать,
attempt,попытка: проба: опыт: пытаться: стараться: стремиться,
attention,внимание: внимательность,
attitude,позиция: отношение,
attract,привлекать: притягивать,
attractive,заманчивый: привлекательный,learning
authority,власть: полномочие: авторитет,learning
autumn,осень,
available,доступный: (при)годный: полезный,
average,среднее: средний,
avoid,избегать: остерегаться: уклоняться,
awake,не спящий: проснувшийся,
aware,знающий: осведомленный,
away,прочь: вдали,
back,спина: спинка: зад: задняя часть: назад: обратно: сзади: позади:  поддерживать: подкреплять,
backwards,назад: обратно,
bad,плохой,
badly,плохо,
bag,сумка,
balance,весы: равновесие: баланс,
ball,шар: мяч,
band,оркестр: лента: полоса,learning
bang,удар: стук: ударять: хлопать,
bank,банк: берег,
bar,бар: брусок: барьер,
base,база: базис: основа: основание: базировать: основывать,
basic,составляющий основу: основной,
basically,в своей основе; по существу,
basis,базис: основа: основание,
bath,ванна,done
battery,батарея: аккамулятор,
be,быть,done
bear,терпеть: выносить,
beat,бить: колотить,
beautiful,красивый,
because,потому что: так как,
become,становиться,
before,перед: до: раньше: впереди: вперед: прежде: прежде чем: до того как,
begin,начинать (ся),
beginning,начало: начинать,
behave,вести себя: поступать,
behaviour,поведение,
behind,сзади: позади: после: за: задний,
belief,вера: доверие,
believe,верить: полагать,
belong,принадлежать: соответствовать,learning
below,ниже: внизу: под,
bend,сгибать (ся): гнуть (ся),
beneath,под: ниже: внизу,
benefit,выгода: прибыль,
beside,рядом с: возле: около,
best,лучший: наилучший: лучше всего: больше всего,done
bet,пари: держать пари,
better,лучший: наилучший: лучше всего: больше всего,
between,между,
beyond,за: по ту сторону: за пределами,
big,большой,
bill,счет: выигрывать,
bin,ящик,
birth,рождение,
birthday,день рождения,
bit,кусочек,
bite,укус: кусать (ся),
black,черный: черный цвет,
blame,упрек: осуждение: осуждать,
blind,слепой: ослепленный,
block,блок: квартал: заграждать: блокировать,
blow,веять: дуть,
blue,голубой: синий,done
board,доска,
boat,лодка: судно,
body,тело,
boil,варить (ся): кипятить (ся),
book,книга: вносить в книгу: регистрировать,
border,граница,
bored,скучающий,
boring,скучный,
born,родившийся,
borrow,одалживать: занимать,
both,оба: обе,
bother,беспокоить(ся): надоедать,learning
bottom,дно: низ: нижний,
bound,связанный,
brain,мозг: интеллект,
branch,ветвь: отрасль,
brave,смелый: храбрый,
bread,хлеб,
break,перерыв: разрыв:ломать: разрушать,
break down,разрушать: разбивать на кусочки,
break in,вламываться: врываться,
break into,вламываться: внезапно начинать,
break out,выламывать: вспыхивать,
break through,прорваться: пробиться,
break up,крошиться на мелкие части,learning
breakfast,завтрак,
breath,дыхание: вздох,
breathe,дышать,
bridge,мост,learning
brief,короткий: недолгий,
bright,яркий,
bring,приносить: привозить,
bring back,приносить обратно: возвращать,
bring down,свалить: снизить (цену),
bring forward,выдвигать (предложение),
bring up,приводить: приносить наверх,
broad,широкий: широко,
broken,разбитый: сломанный,
brother,брат,
brown,коричневый: бурый,
brush,щетка:чистить щеткой: причесывать,
build,строить,
building,здание: сооружение,
bunch,связка: пучек,
burn,гореть: пылать,
burst,лопаться: взрываться,
bury,хоронить: закапывать,
bus,автобус,
bush,куст,learning
business,дело: занятие,
busy,занятой: деятельный,
but,а: но: однако: кроме: за исключением: исключая,
butter,масло,
buy,покупать,
by,у: при: около: возле: рядом с: близко: возле: около: рядом,
bye,до свидания,done
call,тефонный звонок: вызов: крик: кричать: называть,
call at,останавливаться (где -л.): заходить,
call back,перезванивать кому-л.,
call off,отменять: откладывать: переносить,
call out,выкрикивать: вызывать,
call up,вызывать: звонить (по телефону),
calm,спокойный: мирный,
calmly,спокойно: невозмутимо,learning
can,мочь: быть в состоянии,done
cap,кепка,
capital,столица,
car,автомобиль: машина,
card,карточка,
care,забота: уход: заботиться (for: of: about),done
careful,осторожный: внимательный,
careless,беззаботный: небрежный,
carry,носить,learning
case,случай: чехол,learning
catch,ловить: поймать,
cause,причина: основание: послужить причиной/поводом для ч-л.,
centimetre,сантиметр,
central,центральный,
centre,центр,
century,столетие: век,
certain,определенный: уверенный,
certainly,конечно: естественно,
challenge,(сложная) проблема,
chance,возможность: случай,
change,перемена: изменение: менять (ся): изменять (ся),done
character,характер: действующее лицо,
characteristic,характерная черта: особенность,
charge,плата: цена: назначать: запрашивать цену,
chase,гнаться: преследовать,
chat,непринужденно болтать: беседовать,
cheap,дешевый,
cheat,обманывать: надувать,
check,контроль: проверка: проверять: сверять,
cheek,щека,
cheque,чек,
chief,главный: основной,
child,ребенок,
children,дети,
chin,подбородок,learning
choice,выбор: отбор,
choose,выбирать,
church,церковь,
cinema,кинотеатр,
circle,круг: окружность,done
circumstance,обстоятельство: случай,learning
city,город,
claim,требование: претензия: требовать: предъявлять требования,
class,класс: группа,
classroom,классная комната: аудитория,
clean,чистый: чистить,done
clear,чистый: ясный: очищать: осветлять,
clearly,ясно: очевидно,
clever,умный,
climb,карапкаться: лазить,
close,закрывать (ся): близкий: закрытый,
closed,закрытый: запертый,
closely,близко: вплотную,
clothes,одежда,
club,клуб,done
clue,ключ (к разгадке): улика,learning
coat,пальто,
coffee,кофе,
cold,холодный,
collect,собирать: коллекционировать,done
collection,коллекция,
colour,цвет: оттенок,
combination,сочетание: комбинация,done
combine,соединяться: объединять(ся),
come,приходить: подходить,
come back,возвращаться,
come down,спускаться: опускаться,
come from,приходить откуда-л.,
come in,входить,
come off,отрываться: отделываться,
come out,выходить,
come over,приезжать: приходить,
come round,заходить ненадолго: заглянуть,
come up,подниматься: возникать,
comfort,комфорт,
comfortable,комфортный: удобный,
command,команда: распоряжение,
comment,комментарий: замечание: комментировать,
commit,совершать (преступление),
common,общее: распространенное: общий: всеобщий,
communicate,сообщать: передавать,
communication,коммуникация: связь,
community,сообщество,
company,компания,
compare,сравнивать: сверять,
compete,состязаться: соперничать,
complain,жаловаться: выражать недовольство,
complaint,жалоба: недовольство,
complete,полный: укомплектованный: завершать: укомплектовывать,
completely,вполне: полностью,
complicated,запутанный: трудный для понимания,learning
computer,компьютер,
concentrate,сосредоточивать (ся),
concentration,концентрация: сосредоточенность,
concern,отношение: беспокойство,
concerned,заинтересованный: беспокоящийся,
concerning,касательно: относительно,learning
conclusion,умозаключение: вывод,
condition,условие,
conduct,сопровождать: сопутствовать,
confidence,вера: уверенность,
confident,уверенный: конечно: безусловно,
confuse,смешивать: спутывать,
confused,смущенный; озадаченный,
confusing,сбивающий с толку,
congratulate,поздравлять,
congratulations,поздравление,done
connect,соединять (ся): сочетать (ся),
connected,связанный с кем-л.: чем-л.,done
connection,связь: соединение,
consider,рассматривать: считать,
considering,учитывая: принимая во внимание,
consist,состоять: составлять из (of),done
constantly,непрерывно: регулярно,learning
consult,советоваться: консультироваться,
contact,контакт: соприкосновение: связываться: общаться,
contain,содержать: вмещать,learning
container,контейнер: емкость,
content,содержимое: содержание: довольный,
contents,содержимое,
continue,продолжать (ся): оставаться,
contrast,различие: контраст: сопоставлять: сравнивать (with),
contribute,способствовать: вносить вклад,learning
control,надзор: контроль: управлять: контролировать,
convenient,удобный: близкий,
conversation,разговор: беседа: разговаривать: болтать,
convince,убеждать: уверять,
convinced,убежденный: уверенный,
convincing,убедительный,learning
cook,готовить,
cool,прохладный: свежий,
cope,справиться: выдержать,
copy,копия: копировать,
corner,угол,
correct,правильный: соответствующий: исправлять: корректировать,
correction,исправление: корректирование,
cost,цена: стоимость: расходы: стоить,
cough,кашлять,done
could,прош. вр. от can,
count,считать: подсчитывать,
country,страна: деревня,
couple,пара: два: двое,
course,курс: блюдо,
cover,крышка: обложка: накрывать: покрывать,
crash,грохот: авария: крушение: рушиться: грохотать,
crazy,ненормальный: псих,
create,создавать: порождать,
creature,создание: творение,
crime,преступление: нарушение,
crisis,кризис,
criticism,критика,
criticize,критиковать,
cross,крест: перекрещивать: пересекать (ся),
crowd,толпа,
crowded,переполненный: битком набитый,
cruel,жестокий,
cruelty,жестокость,
cry,плач: плакать,
culture,культура,
curious,любопытный: любознательный,
custom,обычай: таможня,
cut,резать: разрез: порез,
damage,вред: повреждение: повреждать: портить,
damp,влажный: сырой,
dance,танец: танцевать,
danger,опасность,
dangerous,опасный,done
dare,осмеливаться: сметь,
dark,темный,
date,дата,
day,день,
dead,мертвый,
deaf,глухой,learning
deal,сделка: соглашение,
dear,дорогой: милый,
debt,долг,
decide,решать (ся): принимать решение,
decision,решение,
declaration,декларация,learning
declare,заявлять: заявлять,
deep,глубокий: глубоко,
defeat,одержать победу,learning
defend,защищать (ся),learning
definite,ясный: точный,learning
degree,степень: градус,
deliberate,намеренный: предумышленный,
deliberately,сознательно:обдуманно,
delicate,нежный,
delight,удовлетворение: удовольствие,
deliver,доставлять: разносить,
demand,требовать,
demonstrate,показывать: демонстрировать,
depend,зависеть: находиться в зависимости,
describe,описывать,
description,описание,done
deserve,заслуживать,
design,проект: намерение: дизайн: разрабатывать: проектировать,
desperate,безнадежный; бесперспективный,
destroy,разрушать: ликвидировать,
detail,деталь,
determined,решительный,
develop,развивать (ся),done
development,развитие,
die,умереть: скончаться,done
difference,разница: отличие,
different,различный: разный,
difficult,трудный: сложный,
difficulty,трудность,
dig,копать: рыть,
dinner,обед,
direct,прямой: руководить: направлять: прямо,
direction,направление,
disagree,не совпадать: противоречить,
disappear,исчезать,
disappointed,разочарованный,learning
disapprove,осуждать: не одобрять,
discover,обнаруживать: открывать,
discovery,открытие,
discuss,обсуждать,
discussion,дискуссия,
disgusting,противный,
dish,блюдо,
display,показ: выставка,
distance,расстояние: дистанция,
distant,дальний: далекий,
disturb,беспокоить: волновать,
disturbing,беспокоящий: волнующий,learning
divide,отделять (ся): разъединять (ся),
division,деление: разделение,
do,делать,
doctor,врач: доктор,
door,дверь,
doubt,сомнение: сомневаться,
down,вниз: внизу,
downstairs,расположенный в нижнем этаже: вниз,
draw,рисовать,
drawing,рисунок: рисование,
dream,сон: мечта: сниться: мечтать,
dress,платье: одежда: одевать (ся): наряжать (ся),
drink,напиток: глоток: пить,
drive,езда: везти: ездить: управлять (автомобил),
drop,капля: падение: ронять: падать,
dry,сухой: сушить (ся): сохнуть,
dull,скучный: тупой,
during,в течение: во время,learning
duty,обязанность,
each,каждый: всякий,
eager,страстно желающий: жаждущий,
ear,ухо,
early,ранний: рано,
earn,зарабатывать: заслуживать,
earth,Земля: земля,
easy,легкий,done
eat,есть: кушать,
edge,кромка: край,learning
education,образование: обучение,
effect,результат: следствие,learning
effort,усилие: попытка,
either,любой (из двух): один из двух: один из двух: такой или другой,
else,еще: кроме,done
embarrassed,смущенный: растерянный,
embarrassing,стеснительный: смущающий,
emergency,непредвиденный случай,
emotion,чувство: эмоция,
emphasis,важность: значимость,
emphasize,подчеркивать: акцентировать,
empty,пустой,
564. encourage,поощрять: поддерживать,learning
565. end,конец,
566. end,кончать: завершать,
567. enemy,враг,
568. energy,энергия: сила,
569. enjoy,получать удовольствие: наслаждаться,
570. enjoyable,приятный,
571. enough,достаточно: достаточный,
572. enter,входить: поступать,
573. entertainment,развлечение,
enthusiastic,восторженный: увлеченный,
entrance,вход,
entry,вход: проход,
environment,окружение: окружающая среда,learning
equal,равный: одинаковый: равняться: соответствовать,
equipment,оборудование: оснащение,learning
error,заблуждение: ошибка,
escape,убегать: избегать,
especially,особенно: в особенности,
estimate,оценка: оценивать: исчислять,
even,даже: ровный: равномерный,
evening,вечер,
event,событие,done
ever,всегда: когда-либо,learning
every,каждый: любой,
everybody,каждый: всякий (человек): все,
everyone,каждый: всякий (человек): все,
everything,всё,
everywhere,везде: всюду,
evidence,доказательство: основание,
exact,точный,
exactly,точно,
exaggerate,преувеличивать,
exam,экзамен,
example,пример,done
excellent,отличный,
except,исключая: кроме,
exchange,обмен: обменивать,
excited,взволнованный: напряженный,
exciting,возбуждающий: волнующий,
excuse,извинение: извиняться: просить прощения,
exercise,упражнение: тренировка,
exhibition,выставка,
exist,существовать: иметься в природе,
exit,выход,
expect,ожидать: надеяться,
expensive,дорогой,
experience,(жизненный) опыт: опыт работы,
experiment,опыт: эксперимент,
explain,объяснять: разъяснять,
explanation,пояснение: разъяснение,
exploration,исследование: изучение,
expression,выражение: выражение (лица),
extra,добавочный: дополнительно,
extraordinary,необычный: чрезвычайный,
extremely,чрезвычайно: крайне,
eye,глаз,
face,лицо: быть обращенным к: стоять лицом к,done
fact,обстоятельство: факт,
factory,завод: фабрика,done
fail,потерпеть неудачу: не сбыться,
failure,неспособность: несостоятельность,
fair,честный: справедливый: светлый,
fairly,должным образом: довольно,
fall,падение: падать,
FALSE,неверный: ошибочный,
familiar,хорошо знакомый: привычный,
family,семья,
famous,знаменитый: известный,
far,далеко: дальний: далекий,
fashion,мода,
fast,быстрый: скорый: быстро: скоро,
fasten,прикреплять: застегивать (ся),
fat,толстый: упитанный,
father,отец,
fault,недостаток: неисправность,
favour,одолжение: услуга,
favourite,любимый,
fear,боязнь: страх: бояться,
feature,особенность: характерная черта,
feed,кормить,
feel,чувствовать: ощущать,
feeling,ощущение: чувство,done
female,самка: женская особь: женского пола: женский,
fence,забор,
fetch,принести: добиваться,
few,мало: немного: несколько,
field,поле,
fierce,свирепый: лютый,
fight,драться: сражаться,
figure,цифра: фигура,
file,папка: досье,
fill,667. наполнять (ся),
film,фильм,
final,завершающий: заключительный,
finally,наконец: в конце концов,
find,находить,
fine,превосходный: тонкий,
finger,палец (на руке),
finish,заканчивать: завершать,done
fire,огонь: пожар: стрелять: выстреливать: увольнять,
firm,твердый: стойкий,
first,первый: сначала,
fit,подходить: соответствовать: подходящий: соответствующий,
fix,ремонтировать: устанавливать,
flat,плоский: ровный: ровно: плоско,
flavour,вкус: аромат,
flight,полет,learning
float,плавать: держаться на воде,
flood,заливать: затоплять,
floor,пол: этаж,
flow,течение: поток: течь: струиться,
fly,летать,
fold,загибать: складывать,
follow,следовать: следить,
fond,нежный: любящий,
food,пища: еда,done
foot,ступня: подножие,
for,для: в течение,
force,сила: заставлять: принуждать,
foreign,иностранный; заграничный,
forever,навсегда: всегда,
forget,забывать,
forgive,прощать,
fork,вилка,
form,форма: вид: класс (в школе): образовывать: формировать,
formal,официальный: формальный,
fortunate,счастливый: удачливый,
fortunately,к счастью,
forward,вперед: спереди,
frame,рама: оправа: каркас,
free,свободный: бесплатный: освобождать,
freedom,свобода,
freeze,замораживать: замерзать,
frequent,частый,
fresh,свежий,
friend,друг,
friendly,дружественный,
frighten,пугать,
frightened,испуганный,
from,от: из: с,
front,передняя сторона чего-л,
full,полный,
fun,шутка: веселье,
funny,забавный: смешной,
furniture,мебель,
further,дальше: дальнейший,
future,будущее: будущий,
game,игра,
gap,щель: промежуток,
gas,газ,
gate,ворота,
gather,собирать (ся),
general,главный: основной,
generally,обычно: как правило,
generous,щедрый: великодушный,
gentle,ласковый: нежный,
genuine,истинный: реальный,
get,получить,
get away,уходить,
get back,вернуть (ся),
get off,сойти: слезть,learning
get on,садиться (в машину),
get out,выходить: вылезать,
get up,вставать: подниматься,
gift,подарок: преподносить: дарить (with),
give,давать: дарить,
give away,отдавать: дарить,
give back,возвращать: отдавать,
give out,раздавать: распределять,
give up,оставить: отказаться,
glad,довольный: рад,
glass,стекло: стакан,
go,идти: ходить,
go away,уходить: уезжать,
go back (to),возвращаться,
go down,опускаться: садиться,
go off,выстреливать (об оружии): взрываться,
go on,продолжать: случаться,
go out,выйти: выходить,
go up,подниматься: идти вверх,
good,хороший,
goodbye,до свидания!,
government,правительство,
grade,степень: класс: сорт,
gradually,постепенно,
grand,большой: замечательный,learning
grateful,благодарный: признательный,
great,большой: огромный,
greeting,приветствие,
ground,земля,
group,группа,
grow,расти: вырастать,
guard,охрана: защита,
guess,предположение: догадка: догадаться: полагать,
guide,вести: руководить,
guilty,виновный: виноватый,learning
habit,обычай: привычка,
hair,волосы,
half,половина,
hand,рука (кисть): стрелка (часов),
handle,управлять: регулировать: трогать,
hang,вешать: висеть,
happen,случаться: происходить,
happy,счастливый: довольный,
hard,жесткий: твердый: активно: упорно,done
hardly,вряд ли: почти не: едва,
harm,вред; зло,
hate,ненавидеть,
he,он,
have,иметь,
head,голова,
health,здоровье,
healthy,здоровый,
hear,слышать: услышать,
heart,сердце,
heat,жара: тепло,
heavy,тяжелый,
height,высота: рост,
hello,привет!,
help,помогать,
her,ее,
here,здесь,
hers,ее,
herself,сама: себя,
hide,прятать (ся): скрывать (ся),
high,высокий: высоко,
him,ему: его,done
himself,сам: себя,
his,его,
history,история,
hit,хит: попдание: ударять: попаать,learning
hold,захвт: рукоятка: дерать,
hold on,подождать,
hold out,протягивать: предлагать,
hold up,останавливать: грабить,
hole,дыра,
holiday,праздник: отпуск,done
hollow,пустой: впалый,
home,дом: дома,
honest,честный,
hope,надежда: надеяться,
hospital,больница,
hot,горячий: острый,
hour,час,
house,дом: дома,
how,как,
however,однако: тем не менее,
human,людской: человеческий,
hungry,голодный,
hurry,суета: спешка: торопить (ся): подгонять,
hurt,ранить: обижать: раненый,
I,я,
idea,идея,
identify,опознавать: идентифицировать,
if,если,
ignore,игнорировать: пренебрегать,done
ill,больной,
illness,болезнь,
image,образ: имидж,
imagination,воображение; фантазия,
imagine,воображать: представлять себе,
immediate,немедленный,
immediately,немедленно: сразу,
impatient,нетерпеливый,
importance,важность: значимость,
important,важный,
impossible,невозможный: невыполнимый,
impressed,пораженный,
impression,впечатление,
impressive,впечатляющий: выразительный,
improve,улучшать (ся): совершенствовать (ся),done
improvement,улучшение: усовершенствование,
in,в: во: внутри: внутренний,
include,заключать: включать в себя,
increase,возрастание: рост: возрастать: увеличивать (ся),
indeed,в самом деле: действительно,
independent,независимый: самостоятельный,
influence,влияние: действие: влиять: воздействовать,
inform,сообщать: информировать,done
information,информация,
injury,вред: рана,
innocent,невинный: непорочный,
inquire,осведомляться: узнавать,
inside,внутренний: внутри,
insist,настаивать: утверждать,
instant,мгновенный: растворимый,
instead,вместо: взамен,
instruction,инструкция: правило,
instrument,инструмент: прибор,learning
intelligent,сообразительный: понятливый,
intend,планировать: предназначаться,
interest,интерес,learning
interested,заинтересованный: интересующийся,
interesting,интересный,
interfere,вмешиваться: повлиять,
interrupt,прерывать: прекращать,
interruption,перерыв: пауза,
interview,беседа: интервью: интервьюировать,
into,в (о): на,
introduce,знакомить: представлять,
introduction,введение: представление,
invitation,приглашение,
invite,приглашать: звать,
involve,вовлекать: вмешивать,
issue,вопрос (проблема): выпуск,
it,это: он: она: оно,
its,его: ее,
Itself,себя: сам: сама: само,
job,работа: работать: производить,
join,соединять: объединять,
joke,шутка: шутить,
journey,путешествие: поездка: спотыкаться: ставить подножку,done
judge,судья: судить: выносить приговор,
juice,сок,
jump,прыгать,done
just,только что: точно: только,
justice,справедливость: правосудие,
keen,острый: сильный: резкий,
keep,держать: хранить,done
keep away,держать (ся) в отдалении: избегать,
keep from,удерживать (ся): воздерживаться,
keep off,не подпускать: воздерживаться,
keep out,не допускать: не впускать,
keep up,поддерживать: продолжать,
key,ключ,
kick,ударять ногой: пинать,
kill,убивать,
kind,сорт: вид: добрый,
knock,ударять: стучать,
know,знать,
knowledge,знание,
label,ярлык: этикетка,
land,земля: суша: почва: приземляться: высаживать (на берег),
language,язык,
large,большой: крупный,
last,последний: прошлый: длиться: сохраняться,
late,поздний: последний: поздно,
later,более поздний: позже,
laugh,смех: смеяться: рассмеяться,
law,закон,
lay,класть: положить,
lead,преимущество: поводок (для собаки): вести: сопровождать: управлять,
lean,наклонять (ся): опирать (ся),
learn,учиться: учить (что-л.),
least,наименьший: наименее,
leave,покидать: оставлять,done
left,левый: налево: слева,
leg,нога (от бедра до ступни): ножка,
legal,легальный: законный,done
lend,одалживать: давать взаймы,
length,длина: расстояние,
less,меньше: менее,
lesson,урок,done
let,позволять: разрешать: сдавать внаем,
letter,письмо: буква,
level,уровень: степень: плоский: ровный: ровно: плоско,
lie,лежать,learning
life,жизнь,
lift,поднимать (ся),
light,свет: лампа: светлый: легкий,
like,любить: нравиться: подобный: похожий,
likely,вероятный: возможный,
limit,граница: предел: ограничивать: ставить предел,
line,линия: очередь: веревка,
list,список: перечень,
listen,слушать,
listen for,прислушиваться,
little,маленький: мало: немного,
live,жить: живой,
load,груз: грузить: загружаться,
loan,заем: ссуда,
lock,замок: локон: запирать ключом: блокировать,
lonely,одинокий,done
long,длинный: долго: длительно,
look,смотреть: следить,
look after,присматривать: ухаживать за,
look around,осматривать,
look back (on),оглядываться,
look up,искать (что-л. в справочнике),
loose,свободный: неупакованный,learning
lose,терять: проигрывать,
loss,потеря: гибель,
lost,разрушенный: потерянный,
lot,много,
loud,громкий: шумный,
love,любовь: любить,
low,низкий,
lower,нижний: низший,
luck,везение: удача: успех,
lucky,счастливый: удачный,done
lunch,обед: ленч,
machine,машина: механизм,
mad,сумасшедший: ненормальный,
mail,почта: посылать по почте,done
main,главный: основной,
mainly,главным образом: преимущественно,
maintain,поддерживать: удерживать,
major,более важный: больший,
majority,большинство,
make,делать: создавать,
make into,переделывать: превращать во (что-л.),
make up,выдумывать,
male,самец: мужской: мужского пола,
man,человек: мужчина,
manage,руководить: управлять,
manner,манера: способ: метод,
many,много,
march,маршировать: вышагивать (нервно),
mark,знак: пятно: оценка: отмечать: обозначать,
market,рынок,done
married,женатый: замужняя,
marry,жениться или выходить замуж,done
mass,масса: множество,
match,спичка: матч: подходить: соответствовать: подходящий: соответствующий,
material,материал,
matter,дело: вопрос: причина: иметь значение: значить,
maximum,максимальный,
may,мочь (разрешение),
maybe,может быть,
me,меня: мне,
meal,прием пищи: еда,
mean,неприятный: противный: иметь в виду: значить: думать,
meaning,значение: смысл,
means,средство: способ: метод,
meanwhile,тем временем: между тем,
measure,мера: мероприятие: измерять: иметь размер,
medium,средний: промежуточный,
meet,встречать (ся): знакомиться,
meeting,встреча: собрание,
memory,память,
mend,чинить: ремонтировать,
mention,упоминать,
mess,беспорядок: неприятность: производить беспорядок,
message,сообщение: основная тема,
method,метод: способ,
middle,середина: средний: центральный,
might,мочь (прош. вр. от may),learning
mind,возражать: иметь что-л. против: ум: мнение: воспоминание,
mine,мой: моя: мое: шахта: мина,
minimum,минимум: минимальное количество: минимальный,
minor,незначительный: несущественный,
minority,меньшинство,
minute,минута,
miss,скучать: пропустить: не попасть: промах: неудача: отсутствие,
mistake,ошибка: ошибаться,
mix,смешивать (ся): соединять,
mixture,смешивание: смесь,
model,модель: макет,
modern,современный,
moment,момент: мгновение,
money,деньги,
month,месяц,
mood,настроение,
moon,луна,
moral,моральный: нравственный,
more,больше: еще,
morning,утро,
most,больше всего: почти все,
mother,мама,
motion,движение,
mouth,рот,
move,движение: развитие: двигать (ся): переезжать,
movement,движение: передвижение,
much,много: очень,done
murder,убийство: убивать,
muscle,мускул: мышца,
music,музыка,done
must,должен: обязан,
my,мой: моя: мое: шахта: мина,
myself,себя: себе: сам,
mysterious,таинственный: загадочный,
mystery,тайна: загадка,
name,имя: называть: назначать,
narrow,узкий,
national,национальный: народный,learning
natural,естественный: природный,
naturally,естественно,
nature,природа,
near,близко: около: возле: рядом: ближний: близкий,
nearly,почти,
neat,аккуратный,
necessary,необходимый: нужный,
neck,шея: воротник: горлышко,
need,нуждаться: требоваться,
needle,игла,
negative,отрицательный: негативный,
neither,ни тот ни другой: ни один из двух: также не,
nerve,нерв: мускул,
nervous,нервный,done
never,никогда,
new,новый,
news,известие: новость,
next,следующий: потом: рядом,
nice,хороший: приятный,
night,ночь,
no,не: нисколько не: никакой: нет,
noise,шум: грохот,
noisy,шумный: неспокойный,done
none,никакой: ни один: никто,done
nonsense,абсурд: ерунда,
no one,никто,
nor,и... не: также... не,
normal,нормальный: обыкновенный,
nose,нос,
not,не: нет: ни,
note,записка: нота,done
nothing,ничего: ничто,done
notice,объявление: афиша,
now,сейчас: теперь,
nowhere,нигде: никуда,
number,число: номер: количество,
nurse,медицинская сестра,done
object,предмет: объект: цель: возражать: протестовать,
objection,возражение: протест,
obtain,получать: добывать,
obvious,очевидный: ясный,
occasion,случай: повод,
occasional,случайный,
occur,происходить: случаться,
ocean,океан,
odd,странный: необычный,
of,от: об: о: из,
off,с: со: от: выключенный: несвежий: маловероятный,
offence,нарушение: преступление,
offend,обижать: раздражать,
offer,предложение: предлагать,
office,офис,
official,официальный: должностное лицо,
often,часто,
oil,нефть: масло,
OK or okay,хорошо: правильно,
old,старый,
on,на: в: по: включенный: действующий,
once,один раз: раз: однажды: когда-то,
one,один,
only,только: исключительно: единственный,
onto,на: в,
open,открытый: открывать (ся): раскрывать (ся),
operate,действовать: функционировать,
operation,операция: деятельность,
opinion,мнение,
opponent,противник: оппонент,
opportunity,благоприятная возможность,
opposite,противоположный: напротив: против,learning
or,или,
order,порядок: заказ в ресторане: заказывать: приказывать,
ordinary,обычный: обыкновенный,
organization,организация,
organize,организовывать: планировать,
original,начальный: оригинальный,
other,другой,
otherwise,иначе: во всем остальном,
ought,выражает долженствование,
our,наш,
ours,наш,done
ourselves,сами: себя,
out,вне: снаружи: из: наружу: внешний,
outside,снаружи: вне: за пределами,
over,над: выше: через: по: свыше: повсюду,
owe,быть должным: быть обязанным,
own,свой: собственный,
pain,боль: страдание,
pair,пара,
paper,бумага,
part,доля: часть: расставаться: разделяться,
partner,партнер: супруг (а),
party,вечеринка: партия,
pass,проходить: проезжать: передавать,
passage,проход: коридор: пассаж,
passenger,пассажир,
past,прошлое: прошедшее: прошлый: прошедший,
path,тропинка: дорожка,
patience,терпение,
patient,терпеливый,
pattern,модель: система,
pause,пауза: останавливаться,done
pay,плата: заработная плата: платить,learning
payment,платеж: оплата,
peace,мир,done
peaceful,мирный: миролюбивый,
pen,ручка,
pencil,карандаш,
people,люди,done
perfect,совершенный,
perform,выполнять: выступать,
performance,выступление: выполнение,
perhaps,может быть: возможно,
period,период,
permission,позволение: разрешение,
person,человек: личность,done
personal,личный,
persuade,убеждать,learning
petrol,бензин,done
phone,телефон: звонить по телефону,done
physical,физический: материальный,
pick,выбирать: срывать (плоды): ковырять,
picture,картина: рисунок,
piece,кусок: часть,
pile,куча: кипа,
pin,кнопка: гвоздь,
pinch,щипать: красть,learning
pipe,труба: трубопровод,
pity,жалость,learning
place,пространство: место: площадь,
plain,чистый: одноцветный: понятный,
plan,план: планировать,
plant,растение: завод,
plastic,пластик: пластмасса,
plate,тарелка,
platform,платформа: трибуна,done
play,пьеса: игра: играть,
pleasant,приятный: радостный,
please,пожалуйста!: радовать: угождать,
pleased,довольный,
pleasure,удовольствие,
plenty,множество: избыток: вполне: довольно,
pocket,каман,
point,точка: цель: место: указывать: показывать,done
poison,яд,
police,полиция,
polite,вежливый,
politics,политика,
pollution,загрязнение,learning
pool,бассейн: лужа,
poor,бедный,
popular,популярный,
port,порт,
position,положение: место,done
positive,уверенный: позитивный,
possession,владение: обладание,
possibility,вероятность: возможность,learning
possible,вероятный: возможный,
possibly,возможно: может быть,
post,почта: посылать по почте,
pot,горшок: банка,
pour,лить: наливать,
power,сила: заставлять: принуждать,
powerful,сильный: крепкий,
practical,практический: практичный,done
practice,практика,
practise,практиковать (ся): тренироваться,
praise,хвалить,
precise,точный: определенный,
prefer,предпочитать,done
preparation,подготовка: приготовление,
prepare,готовить: подготавливать,
present,подарок: преподносить: дарить (with),
press,пресса: нажимать: сжимать,
pressure,давление: воздействие,
pretend,притворяться,
pretty,хорошенький: симпатичный: достаточно: довольно,
prevent,предотвращать: мешать,
previous,предыдущий: предшествующий,
price,цена,
pride,гордость,
principle,принцип,
print,печатать,
priority,преимущество: приоритет,done
private,частный,
prize,приз: премия,
probably,вероятно: наверное,
problem,проблема,
process,процесс,
produce,производить: создавать,
production,изготовление: продукция,
professional,профессиональный,done
profit,прибыль,
programme,программа,
progress,прогресс,
project,проект,
promise,обещание: обещать,
pronounce,произносить: заявлять,
pronunciation,произношение,
proof,подтверждение: доказательство,
proper,присущий: правильный,
properly,должным образом: надлежаще,
protect,защищать: охранять,
protection,защита: охрана,
protest,протест: несогласие: протестовать: возражать,
proud,гордый,
prove,доказывать: оказываться,
provide,снабжать: обеспечивать,
public,общественный: государственный: публика: общественность,
pull,тянуть: дергать,
pump,качать: выкачивать,
punish,наказывать: штрафовать,
punishment,кара: наказание,
pupil,ученик,
pure,чистый: беспримесный,
purpose,цель: намерение,
push,толкать (ся),learning
put,класть: положить,
quality,качество,
quantity,количество,
quarter,четверть: четвертая часть,done
question,вопрос: расспрашивать: допрашивать,
quick,быстрый: скорый: быстро: скоро,
quickly,быстро,
quiet,тихий: бесшумный,learning
quite,совершенно: вполне: совсем,
race,гонка: раса,
radio,радио,
rain,дождь: идти: литься (о дожде),
raise,поднимать: собирать,
range,ряд: линия,
rank,звание: чин,
rare,редкий: нечастый,
rarely,нечасто: редко,
rate,показатель: степень: темп,
rather,достаточно: весьма,
raw,сырой: необработанный,learning
reach,добираться до: протягивать,
react,реагировать: отзываться,
reaction,реакция,
read,читать,
ready,готовый,done
real,реальный,
realize,понимать: осознавать,
really,действительно: в самом деле,
reason,причина: смысл,
reasonable,разумный: благоразумный,
receive,получать,learning
recent,недавний: последний,
recently,недавно,
recognize,признавать: узнавать,
recommend,рекомендовать,
record,запись: рекорд: записывать,
recover,выздоравливать: восстанавливать(ся),
recovery,выздоровление: восстановление,
reduce,понижать: сокращать,
reduction,сокращение: понижение,
refer,упоминать,
refuse,отказать (ся): отклонять,
regard,внимание: уважение,
region,область: регион,
regional,бластной: районный: региональный,done
regret,сожалеть,
regular,регулярный: правильный,
regularly,регулярно,
reject,отклонять: отказывать (ся),
related,связанный: родственный,
relation,связь: родственник,
relationship,родство: взаимоотношение,
relative,родственник; родственница,
relax,расслабляться: отдыхать,
release,освобождать (ся): отпускать,learning
reliable,надежный: верный,
relief,облегчение,
rely,полагаться: зависеть,
remain,оставаться: находиться,
remark,замечание: высказывание,learning
remember,помнить: вспоминать,
remove,перемещать: снимать,
rent,брать в аренду: сдавать в аренду,
repair,ремонтировать: чинить,
repeat,повторять,
replace,заменять: замещать,
reply,отвечать: отзываться: ответ: отклик,
report,доклад: отчет: сообщать: докладывать,
represent,представлять: изображать,
rescue,спасать,
reserve,резервировать: сберегать,learning
respect,уважение: уважать,
responsibility,ответственность,
responsible,ответственный,
rest,остаток: отдых: отдыхать: опираться,done
result,результат,
return,возвращаться,
rich,богатый,
rid,освобождать: избавлять,
ride,ехать,
right,право: правда: правый: правильный,
ring,кольцо: круг: звонить: звенеть,done
rise,подниматься,
risk,риск: рисковать,
road,дорога,
rob,грабить: воровать,
roll,катить (ся): вращаться,learning
roof,крыша,
room,комната,
rough,грубый,
round,круглый: вокруг: кругом,done
row,ряд: линия,
rub,тереть (ся),learning
rubbish,мусор: ерунда,
rule,правило,
run,бег: бежать,
run away,убежать,
run into,наталкиваться: сталкиваться,
. run out,кончаться,
run over,переехать: задавить,
rush,спешка: суета: мчаться: торопить,
sad,грустный: печальный,
safe,безопасный,done
safety,безопасность: сохранность,
sail,плавать: совершать плавание,
sale,продажа: распродажа,
same,тот (же) самый: одинаковый,
satisfactory,удовлетворительный: достаточный,learning
satisfied,удовлетворенный: довольный,
save,спасать: охранять,
say,сказать: говорить,
scale,вес: шкала: масштаб,
scare,пугать,
scared,испуганный,
scene,сцена: пейзаж,
schedule,список: перечень,
scheme,проект: план,
school,школа,
science,наука,done
score,счет: выигрывать,learning
scrap,клочок: кусочек,
scrape,скоблить: обдирать: царапать,
scream,кричать: вопить: крик,learning
sea,море,
search,поиск: розыск: искать: разыскивать,
season,сезон: время года,
seat,сиденье: место,
second,второй: секнда,
secret,секрет: тайна: секретный: тайный,
section,секция,
see,видеть,
seem,казаться,
sell,продавать,
send,посылать: отправлять,
sense,чувство: смысл,
sensible,благоразумный: здравомыслящий,
sensitive,чувствительный: впечатлительный,
sentence,предложение: приговор,done
separate,отдельный: разделять: расставаться,
serious,серьезный: важный,
seriously,серьезно: обоснованно,done
serve,подавать: обслуживать: служить,
service,служба: сервис,
set,набор: комплект: ставить: класть: устанавливать,
settle, улаживать:поселить(ся): устроить(ся),learning
several, несколько,
shade, тень: полумрак,
shadow, тень,
shake, трясти (сь): встряхивать,
shall, следует,
shallow, мелкий: мелководный,
shame, стыд,learning
shape, форма: очертание,
share, делить (ся): разделять: 1535. доля: часть,
sharp, острый: резкий,
she, она,
shelter,приют: убежище,
shine,сиять: светить (ся): блестеть,done
shock, удар: толчок: шок: потрясать: шокировать,
shoot, стрелять,
shop, магазин: делать покупки,done
shopping, посещение магазина,
short, короткий: низкий,
should, выражает долженствование,done
shoulder, плечо,
shout, крик:  кричать,
show, показывать: демонстрировать: шоу: показ,
shrink,уменьшать (ся): сокращать (ся),
shut,закрывать (ся): близкий: закрытый,
sick,больной,
side,сторона: боковой,
sight,вид: зрение: достопримечательность,
sign,знак; символ: подписывать (ся),
silent,молчаливый: тихий,
similar,подобный: похожий,
simple,простой: легкий,
since,с тех пор,
sing,петь,
single,единственный: отдельный,
sink,тонуть: погружаться: опускаться: раковина,
sister,сестра,
sit,сидеть: садиться,
situation,положение: ситуация,
size,размер,
skill,умение: навык,
skin,кожа: кожура,
skirt,юбка,
sky,небеса: небо,
sleep,спать: сон,
slice,ломтик: нарезать ломтиками,
slide,скользить: засовывать,
slight,легкий: незначительный,
slightly,незначительно: несущественно,learning
slip,поскользнуться,
slow,медленный,
slowly,медленно,
small,маленький: мало: немного,
smart,нарядный: шикарный,
smell,пахнуть: нюхать: запах: обоняние,
smile,улыбаться: улыбка,
smoke,дым,
smooth,гладкий: ровный,learning
snow,снег: идти (о снеге),
so,итак: это: так: так: таким образом: также,done
soak,впитывать (ся),
soft,мягкий: нежный,
software,компьютерные программы,
soil,грунт: почва,
solve,решать: разрешать,learning
some,какой-либо: какой-нибудь: несколько,
somebody,кто-нибудь: кто-то,
somehow,так или иначе: как-нибудь,
someone,кто-нибудь: кто-то,
something,кое-что: что-нибудь: что-то,
sometimes,иногда,
somewhere,где-то: где-нибудь: куда-нибудь,
song,песня,done
soon,скоро: вскоре,
sore,боль,
sorry,огорченный: сожалеющий,
sort,вид: сорт: тип: сортировать: классифицировать,
sound,звук: звучать,
space,пространство: космос,
spare,запасной: лишний,
speak,говорить: разговаривать,done
special,особый: специальный,done
speech,речь,
speed,скорость,done
spend,тратить: проводить,
spill,проливать (ся): рассыпать (ся),
spin,крутить (ся): вертеть (ся),learning
spite,злость,
splash,брызгать (ся): плескать (ся),
split,раскалывать (ся): разделять (ся),
spoil,портить (ся): баловать,
sport,спорт,
spot,место: пятно,
spray,брызгать: распылять,
spread,распространять (ся): простираться,
spring,весна: отскочить: распрямиться,
square,квадрат: площадь: квадратный,done
squash,раздавливать: сжимать,
squeeze,выжимать (ся): выдавливать,
stage,ступень: сцена,
stamp,марка: штамп: топать ногой: штамповать,
stand,стоять,
standard,стандарт,
star,звезда,
stare,вглядываться: уставиться,
start,начало: начинать,
state,состояние: государство,
statement,заявление: утверждение,
stay,оставаться: останавливаться,
steady,устойчивый: постоянный,
steal,воровать: красть,
steam,пар,
steep,крутой,
steer,направлять: управлять,
step,шаг: след,
stick,приклеивать (ся): втыкать,
sticky,клейкий: липкий,
stiff,жесткий: плотный,
still,до сих пор: все еще: по-прежнему: тихий: неподвижный,
sting,жалить,
stir,размешивать: шевелить (ся),
stone,камень,
stop,остановка: останавливать (ся),
store,магазин: склад: запас: запасать: хранить,
storm,шторм: гроза,
story,рассказ: история,
straight,прямой: руководить: направлять: прямо,
strange,странный: незнакомый,
stranger,незнакомец,
street,улица,done
strength,сила: прочность,
stretch,тянуть (ся): растягивать (ся),
strict,строгий,
strike,ударять (ся): забастовка,
string,веревка: шнурок,
strong,сильный,
study,изучать: заниматься: изучение: исследование: кабинет,
stupid,глупый: тупой,done
style,стиль,
subject,предмет: тема,
substance,вещество: субстанция,
succeed,удаваться,
success,успех: достижение,
successful,удачный: успешный,
such,такой,
sudden,внезапный: неожиданный,
suddenly,вдруг: внезапно,
suffer,страдать,
suggest,предлагать: советовать,
suggestion,предложение: совет,
suit,костюм: подходить,done
summer,лето,
supply,поставка: предложение,
support,поддерживать,
suppose,допускать: полагать,
sure,уверенный: конечно: безусловно,
surface,поверхность,
surprise,сюрприз: удивление,
surprised,удивленный,
surprising,неожиданный: внезапный,
survive,пережить: выжить,
swallow,глотать,
sweep,мести: выметать,
sweet,сладкий,
swim,плавать,
swimming,плавание,done
swing,качать (ся),
switch,выключатель: переключать,
system,система,done
table,стол,
take,брать,done
take away,убирать: отнимать,
take back,отдавать: возвращать,
take off,снимать одежду: взлетать,
take out,вынимать: брать с собой,
take over,принимать дела от другого,
talk,разговор: беседа: разговаривать: болтать,
talk back,спорить: возражать,
talk into,уговорить: убедить,
talk out of,отговорить: разубедить,learning
tall,высокий: высоко,
tap,(по) стучать: (по) хлопать: кран,
tape,(магнитная) лента,
target,цель: мишень,
task,задание: задача,
taste,вкус: пробовать (на вкус),
tax,налог: пошлина: сбор,learning
teach,преподавать: обучать,
team,команда,done
tear,рвать (ся): отрывать (ся),
telephone,телефон: звонить по телефону,
television,телевизор,
tell,говорить: рассказывать,
temper,характер: настроение,
temperature,температура,
tend,иметь тенденцию: стремиться,
tense,возбужденный: напряженный,
term,срок: семестр,
terrible,страшный: ужасный,
test,тест: проверка: испытывать: тестировать,
than,чем,
thank,благодарить,
thanks,спасибо,
thank you,спасибо,
that,тот: та: то: те: так: до такой степени,
the,определенный артикль,done
their,их,
theirs,их,
them,им: их,
themselves,себя: себе: сами,
. then,затем: потом,
there,там: туда: есть: имеются,
they,они,
thick,толстый: густой,
thin,тонкий: редкий,
thing,вещь: предмет,
think,думать: полагать,
think of,подумать: предполагать,learning
think over,обдумывать,
think through,продумывать,
thirsty,испытывающий жажду,
this,этот: эта: это: данный,
thorough,тщательный: исчерпывающий,
though,хотя: однако,
thought,мысль: размышление,
threaten,угрожать,
through,через: сквозь: насквозь: свободный,
throughout,по всему: повсюду; все время,
throw,бросать: кидать,
thumb,большой палец (руки),
ticket,билет,done
tidy,аккуратный: опрятный: убирать: приводить в порядок,
tie,связывать: привязывать,
tight,тесный: тугой,
time,время,
tip,кончик: чаевые: наклонять (ся): опрокидывать,learning
tired,усталый,
to,приинфинитивная частица: к: в: на: до,
today,сегодня: в наши дни,
together,вместе,
tomorrow,завтра,done
tone,тон: звук,
tongue,язык,
tonight,сегодня вечером,
too,слишком: тоже,
tool,(рабочий) инструмент,
tooth,зуб,
top,верхушка: верх: крышка: верхний: основной,
total,абсолютный: весь: всеобщий: целое: сумма: итог,
touch,прикосновение: касание: прикасаться: трогать,
tough,жесткий: трудный: выносливый,
tour,путешествие: экскурсия,
towards,по направлению к: по отношению к,
town,город,
track,тропинка: трек,
trade,торговля: торговать,
tradition,традиция,
traffic,движение: транспорт,
tragedy,несчастье: трагедия,
train,поезд: тренировать (ся): обучать (ся),
translate,переводить,
transparent,прозрачный: просвечивающий,
transport,перевозка: транспорт,
trap,капкан: ловушка: обман: задерживать: останавливать,
travel,путешествовать,
tread,наступать: топтать,
treat,обращаться: относиться: лечить: радость: удовольствие,
treatment,лечение:обращение,
trial,судебный процесс: суд,
trick,обман: хитрость: обманывать: надувать,
trip,путешествие: поездка: спотыкаться: ставить подножку,
trouble,беспокойство: неприятность,
trousers,брюки: штаны,
TRUE,верный: правильный,
trust,верить: доверять (ся): вера: доверие,learning
truth,правда,
try,пытаться: стараться,
tune,мелодия,
turn,очередь: поворот: поворачивать (ся),
turn away,прогонять: не пускать,
turn back,обернуться: возвращаться,
turn down,убавить: отказывать,
turn into,превращать во (что-л.),
turn off,сворачивать: выключать,
turn on,включать,
turn out,оказаться: выключать,
turn over,переворачивать (ся): переключить,
turn up,усиливать: увеличивать: находить,
twist,крутить: сплетать (ся): обхватывать,
type,тип: класс: род,
typical,типичный,
unable,неспособный,
uncertain,неопределенный: неуверенный,
uncomfortable,неудобный,
under,вниз: ниже: под: при: под,
underneath,вниз: внизу: ниже: вниз: внизу: ниже: под,
understand,понимать,
undo,развязывать: расстегивать,learning
unfair,несправедливый,
unfortunate,неудачливый: несчастливый,
unhappy,несчастливый: несчастный,
uniform,форма: форменная одежда,
union,объединение: союз,done
unit,часть: единица измерения,
unite,соединять (ся): объединять (ся),
university,университет,done
unkind,злой: недобрый,
unless,если не: пока не,
unlikely,маловероятный: невероятно,
unlucky,несчастливый: неудачный,
unpleasant,неприятный: противный: иметь в виду: значить: думать,learning
until,до: (до тех пор) пока (не),
unusual,необычный: редкий,
up,вверх: наверх: наверху: на,
upon = on,на,
upset,расстроенный: огорченный,
upstairs,вверх: наверху: в верхнем этаже,
upwards,снизу – вверх: наверх,
urgent,срочный: неотложный,
us,нас,
use,употребление: использование: использовать: пользоваться,done
used,подержанный: использованный,
usual,обыкновенный: обычный,
usually,обычно,
valuable,ценный: полезный,learning
value,ценность: стоимость,
vanish,исчезать: пропадать,learning
variety,разновидность: разнообразие,
various,различный: разнообразный,
very,очень,
view,точка зрения: мнение: пейзаж,
violence,жестокость: насилие,learning
violent,насильственный,
vision,зрение: представление,
visit,навещать: посещать: посещение: визит,done
voice,голос,
vote,голосование,
wait,ждать,
wake,просыпаться: будить,
walk,прогулка: гулять: идти (пешком),
wall,стена,
wander,бродить: блуждать,
want,хотеть,
war,война,
warm,теплый,
warn,предупреждать: предостерегать,
warning,предупреждение: предостережение,
wash,мыть (ся): стирать: мытье: мойка: стирка,
waste,тратить: излишняя трата: отбросы,
watch,наблюдать: смотреть: часы (наручные): наблюдение,
water,вода,
wave,махать: колыхаться: волна: взмах,
way,дорога: путь: направление,
we,мы,
weak,слабый,
wealth,богатство,
wear,носить (одежду),done
weather,погода,
week,неделя,
weekend,выходные дни: уикэнд,
weigh,весить: взвешивать (ся),
welcome,желанный: долгожданный: приятный: приветствовать,
well,хорошо: здоровый,
wet,мокрый,
what,что,
whatever,все что: что бы ни,
wheel,колесо,
when,когда,
whenever,всякий раз когда: когда бы ни,
where,где: куда: откуда,
wherever,где бы ни: куда бы ни,learning
whether,ли: или,
which,который: какой,
whichever,какой угодно: какой бы ни,learning
while,пока: в то время как: хотя,
whisper,шептать,
whistle,свистеть: свисток,
who,кто,
whoever,кто бы ни: который бы ни: любой,
whole,весь: целый: в целом,
whom,кого: кому,
why,почему,
wide,широкий: широко,
wild,дикий,
will,завещание: выражает обещание: намерение,
willing,готовый (сделать что-л.),
win,победить: выиграть,
wind,ветер: виться: изгибаться: заводить,
window,окно,
wing,крыло,
winter,зима,
wipe,вытирать: стирать,learning
wire,проволока: провод,
wise,мудрый: благоразумный,learning
wish,желание: желать: хотеть,
with,с,
within,внутри: в пределах,
without,без,
woman,женщина,
wonder,удивляться: интересоваться,
word,слово,
work,работа: работать: производить,
work on,продолжать работать,
work out,решать: разрабатывать,
work up to,отрабатывать,
world,мир,
worried,озабоченный,
worry,беспокоить (ся),
worse,худший,
worst,наихудший,
worth,стоящий: цена: стоимость,
would,выражает желание,
wrap,заворачивать: завертывать,
write,писать,
wrong,неправильный: неверно,
year,год,
yes,да,
yesterday,вчера,
yet,еще: уже,
you,ты: вы,
young,молодой: юный,
your,ваш: твой,
yours,ваш: твой,
yourself,себя: себе: сам,
zero,ноль,
